Full Season,,,Total Bets,Model Accuracy:,Winnings:,Gain/Loss avg,Winnings / Total # of bets
,,,947,61.43,243.64,0.322,0.257
,,,Since July 1st,,,,
,,,190,64,164,0.937,0.173
,,,Total,61.91,407.64,,
Date,predicted,bet on,money line,winner,bankroll,gain-loss,
2022-04-06,,,,,1000,,
2022-04-07,Braves,Braves,-175,0,900,-100,
,Pirates,Cardinals,-145,1,968.97,68.97,
2022-04-08,Yankees,Yankees,-169,1,1028.14,59.17,
,Rays,Rays,-189,1,1081.05,52.91,
,Giants,Giants,-141,1,1151.97,70.92,
,Blue Jays,Blue Jays,-164,1,1212.95,60.98,
,Braves,Braves,-196,1,1263.97,51.02,
,Orioles,Rays,-176,1,1320.79,56.82,
,Marlins,Giants,-130,1,1397.71,76.92,
,Rangers,Blue Jays,-162,1,1459.44,61.73,
2022-04-09,Rays,Rays,-238,1,1501.46,42.02,
,Blue Jays,Blue Jays,-196,1,1552.48,51.02,
,Yankees,Yankees,-189,1,1605.39,52.91,
,Giants,Giants,-154,0,1505.39,-100,
,Braves,Braves,-159,1,1568.28,62.89,
,Orioles,Rays,-210,1,1615.9,47.62,
,Pirates,Cardinals,-170,1,1674.72,58.82,
,Rangers,Blue Jays,-175,1,1731.86,57.14,
,Marlins,Giants,-145,0,1631.86,-100,
2022-04-10,Rays,Rays,-200,1,1681.86,50,
,Braves,Braves,-189,0,1581.86,-100,
,Blue Jays,Blue Jays,-233,0,1481.86,-100,
,Giants,Giants,-123,1,1563.16,81.3,
,Yankees,Yankees,-139,0,1463.16,-100,
,Orioles,Rays,-195,1,1514.44,51.28,
,Rangers,Blue Jays,-220,0,1414.44,-100,
,Pirates,Cardinals,-190,0,1314.44,-100,
,Marlins,Giants,-123,1,1395.74,81.3,
2022-04-11,Rays,Rays,-185,0,1295.74,-100,
,Yankees,Yankees,-110,0,1195.74,-100,
,Braves,Braves,-110,0,1095.74,-100,
,Giants,Giants,-135,0,995.74,-100,
,Rockies,Rangers,-110,0,895.74,-100,
,Nationals,Braves,-110,0,795.74,-100,
,Marlins,Angels,-130,1,872.66,76.92,
2022-04-12,White Sox,White Sox,-125,1,952.66,80,
,Rays,Rays,-189,1,1005.57,52.91,
,Phillies,Phillies,-154,0,905.57,-100,
,Yankees,Yankees,-115,1,992.53,86.96,
,Braves,Braves,-154,1,1057.47,64.94,
,Athletics,Rays,-189,1,1110.38,52.91,
,Marlins,Angels,-154,1,1175.32,64.94,
,Nationals,Braves,-154,1,1240.26,64.94,
,Royals,Cardinals,-179,1,1296.13,55.87,
,Rockies,Rangers,-141,0,1196.13,-100,
2022-04-13,Braves,Braves,-196,1,1247.15,51.02,
,Phillies,Phillies,-115,0,1147.15,-100,
,Rays,Rays,-179,1,1203.02,55.87,
,Yankees,Yankees,-145,1,1271.99,68.97,
,White Sox,White Sox,100,1,1371.99,100,
,Nationals,Braves,-196,1,1423.01,51.02,
,Royals,Cardinals,-147,1,1491.04,68.03,
,Athletics,Rays,-179,1,1546.91,55.87,
2022-04-14,Rays,Rays,-200,0,1446.91,-100,
,Brewers,Brewers,-141,1,1517.83,70.92,
,Padres,Padres,-105,1,1613.07,95.24,
,Dodgers,Dodgers,-263,1,1651.09,38.02,
,Athletics,Rays,-200,0,1551.09,-100,
,Nationals,Pirates,-120,1,1634.42,83.33,
,Tigers,Royals,-123,0,1534.42,-100,
2022-04-15,Blue Jays,Blue Jays,-196,1,1585.44,51.02,
,White Sox,White Sox,-135,1,1659.51,74.07,
,Brewers,Brewers,-147,0,1559.51,-100,
,Padres,Padres,-115,0,1459.51,-100,
,Dodgers,Dodgers,-233,1,1502.43,42.92,
,Dbacks,Mets,-213,1,1549.38,46.95,
,Nationals,Pirates,-105,0,1449.38,-100,
,Athletics,Blue Jays,-196,1,1500.4,51.02,
,Tigers,Royals,-125,0,1400.4,-100,
2022-04-16,White Sox,White Sox,-141,1,1471.32,70.92,
,Mets,Mets,-154,0,1371.32,-100,
,Blue Jays,Blue Jays,-213,0,1271.32,-100,
,Padres,Padres,+110,0,1171.32,-100,
,Red Sox,Red Sox,-105,1,1266.56,95.24,
,Brewers,Brewers,-115,0,1166.56,-100,
,Dodgers,Dodgers,-233,1,1209.48,42.92,
,Dbacks,Mets,-154,0,1109.48,-100,
,Athletics,Blue Jays,-213,0,1009.48,-100,
,Tigers,Royals,-115,1,1096.44,86.96,
,Nationals,Pirates,-105,1,1191.68,95.24,
2022-04-17,Red Sox,Red Sox,-125,1,1271.68,80,
,Blue Jays,Blue Jays,-263,1,1309.7,38.02,
,Mets,Mets,-189,1,1362.61,52.91,
,Brewers,Brewers,-135,1,1436.68,74.07,
,Dodgers,Dodgers,-204,1,1485.7,49.02,
,Padres,Padres,-125,1,1565.7,80,
,Nationals,Pirates,+110,1,1675.7,110,
,Athletics,Blue Jays,-263,1,1713.72,38.02,
,Dbacks,Mets,-189,1,1766.63,52.91,
2022-04-18,Red Sox,Red Sox,-137,0,1666.63,-100,
,Brewers,Brewers,-175,1,1723.77,57.14,
,Astros,Astros,-149,1,1790.88,67.11,
,Padres,Padres,-164,1,1851.86,60.98,
,Dodgers,Dodgers,-189,1,1904.77,52.91,
,Pirates,Brewers,-175,1,1961.91,57.14,
,Orioles,Athletics,-185,1,2015.96,54.05,
2022-04-19,Mets,Mets,-118,1,2100.71,84.75,
,Red Sox,Red Sox,-130,1,2177.63,76.92,
,Brewers,Brewers,-250,1,2217.63,40,
,Mets,Mets,-118,1,2302.38,84.75,
,Astros,Astros,-147,0,2202.38,-100,
,Padres,Padres,-175,1,2259.52,57.14,
,Dodgers,Dodgers,-152,0,2159.52,-100,
,Dbacks,Nationals,100,1,2259.52,100,
,Dbacks,Nationals,100,1,2359.52,100,
,Pirates,Brewers,-250,1,2399.52,40,
,Orioles,Athletics,-185,1,2453.57,54.05,
,Rangers,Mariners,-143,1,2523.5,69.93,
2022-04-20,Brewers,Brewers,-250,1,2563.5,40,
,Dodgers,Dodgers,-152,1,2629.29,65.79,
,Padres,Padres,-175,1,2686.43,57.14,
,Astros,Astros,-147,0,2586.43,-100,
,Mets,Mets,-125,0,2486.43,-100,
,Red Sox,Red Sox,-130,0,2386.43,-100,
,Pirates,Brewers,-250,1,2426.43,40,
,Orioles,Athletics,-185,0,2326.43,-100,
,Dbacks,Nationals,100,0,2226.43,-100,
,Rangers,Mariners,-143,1,2296.36,69.93,
2022-04-21,Orioles,Athletics,-128,1,2374.49,78.13,
,Dbacks,Nationals,-133,0,2274.49,-100,
,Pirates,Cubs,-156,0,2174.49,-100,
,Rangers,Mariners,-125,0,2074.49,-100,
2022-04-22,Yankees,Yankees,-189,1,2127.4,52.91,
,Rays,Rays,-135,0,2027.4,-100,
,Braves,Braves,-139,1,2099.34,71.94,
,Astros,Astros,-164,0,1999.34,-100,
,Padres,Padres,+155,0,1899.34,-100,
,Pirates,Cubs,-159,0,1799.34,-100,
,Orioles,Angels,-175,0,1699.34,-100,
,Royals,Mariners,-132,1,1775.1,75.76,
,Rangers,Athletics,+115,0,1675.1,-100,
2022-04-23,Yankees,Yankees,-182,1,1730.05,54.95,
,Astros,Astros,+110,0,1630.05,-100,
,Rays,Rays,-130,1,1706.97,76.92,
,Braves,Braves,-147,0,1606.97,-100,
,Padres,Padres,+105,1,1711.97,105,
,Rockies,Tigers,-120,1,1795.3,83.33,
,Pirates,Cubs,-159,1,1858.19,62.89,
,Rangers,Athletics,-133,0,1758.19,-100,
,Rockies,Tigers,-116,0,1658.19,-100,
,Orioles,Angels,-278,0,1558.19,-100,
,Royals,Mariners,-164,1,1619.17,60.98,
2022-04-24,Rays,Rays,-154,1,1684.11,64.94,
,Yankees,Yankees,-204,1,1733.13,49.02,
,Braves,Braves,-149,0,1633.13,-100,
,Astros,Astros,-125,1,1713.13,80,
,Padres,Padres,+125,0,1613.13,-100,
,Rockies,Tigers,-115,0,1513.13,-100,
,Pirates,Cubs,-164,0,1413.13,-100,
,Orioles,Angels,-185,1,1467.18,54.05,
,Rangers,Athletics,+100,1,1567.18,100,
,Royals,Mariners,-169,1,1626.35,59.17,
2022-04-25,Brewers,Brewers,-179,0,1526.35,-100,
,Blue Jays,Blue Jays,-120,1,1609.68,83.33,
,Rockies,Phillies,-179,1,1665.55,55.87,
2022-04-26,Rays,Rays,-110,0,1565.55,-100,
,Yankees,Yankees,-263,1,1603.57,38.02,
,Blue Jays,Blue Jays,-154,1,1668.51,64.94,
,Braves,Braves,-175,1,1725.65,57.14,
,Giants,Giants,-208,1,1773.73,48.08,
,Rockies,Phillies,-145,1,1842.7,68.97,
,Orioles,Yankees,-263,1,1880.72,38.02,
,Royals,White Sox,-145,0,1780.72,-100,
,Cubs,Braves,-175,1,1837.86,57.14,
,Tigers,Twins,-141,1,1908.78,70.92,
,Athletics,Giants,-208,1,1956.86,48.08,
2022-04-27,White Sox,White Sox,-175,1,2014,57.14,
,Yankees,Yankees,-250,1,2054,40,
,Rays,Rays,-127,1,2132.74,78.74,
,Blue Jays,Blue Jays,-135,0,2032.74,-100,
,Braves,Braves,-149,0,1932.74,-100,
,Giants,Giants,-143,0,1832.74,-100,
,Royals,White Sox,-175,1,1889.88,57.14,
,Rockies,Phillies,-208,1,1937.96,48.08,
,Orioles,Yankees,-250,1,1977.96,40,
,Cubs,Braves,-149,0,1877.96,-100,
,Tigers,Twins,-169,1,1937.13,59.17,
,Athletics,Giants,-143,0,1837.13,-100,
2022-04-28,Yankees,Yankees,-222,1,1882.18,45.05,
,Rays,Rays,-132,1,1957.94,75.76,
,White Sox,White Sox,-172,0,1857.94,-100,
,Blue Jays,Blue Jays,-145,1,1926.91,68.97,
,Braves,Braves,-169,1,1986.08,59.17,
,Orioles,Yankees,-222,1,2031.13,45.05,
,Rockies,Phillies,-196,1,2082.15,51.02,
,Tigers,Twins,-133,1,2157.34,75.19,
,Royals,White Sox,-172,0,2057.34,-100,
,Cubs,Braves,-169,1,2116.51,59.17,
,Dbacks,Cardinals,-167,1,2176.39,59.88,
2022-04-29,Blue Jays,Blue Jays,-115,0,2076.39,-100,
,White Sox,White Sox,-123,0,1976.39,-100,
,Rays,Rays,-127,1,2055.13,78.74,
,Brewers,Brewers,-130,1,2132.05,76.92,
,Dodgers,Dodgers,-233,1,2174.97,42.92,
,Giants,Giants,-222,0,2074.97,-100,
,Dbacks,Cardinals,-189,0,1974.97,-100,
,Reds,Rockies,-115,1,2061.93,86.96,
,Tigers,Dodgers,-233,1,2104.85,42.92,
,Nationals,Giants,-222,0,2004.85,-100,
2022-04-30,Blue Jays,Blue Jays,-128,1,2082.98,78.13,
,Giants,Giants,-208,1,2131.06,48.08,
,White Sox,White Sox,-118,1,2215.81,84.75,
,Rays,Rays,-189,0,2115.81,-100,
,Brewers,Brewers,-159,1,2178.7,62.89,
,Mets,Mets,-120,0,2078.7,-100,
,Dodgers,Dodgers,-333,0,1978.7,-100,
,Dbacks,Cardinals,-145,0,1878.7,-100,
,Nationals,Giants,-208,1,1926.78,48.08,
,Reds,Rockies,-135,1,2000.85,74.07,
,Tigers,Dodgers,-333,0,1900.85,-100,
2022-05-01,Rays,Rays,-189,0,1800.85,-100,
,Blue Jays,Blue Jays,-128,1,1878.98,78.13,
,White Sox,White Sox,-118,0,1778.98,-100,
,Brewers,Brewers,-159,0,1678.98,-100,
,Giants,Giants,-208,0,1578.98,-100,
,Dodgers,Dodgers,-333,1,1609.01,30.03,
,Mets,Mets,-120,1,1692.34,83.33,
,Dbacks,Cardinals,-145,1,1761.31,68.97,
,Reds,Rockies,-135,1,1835.38,74.07,
,Nationals,Giants,-208,0,1735.38,-100,
,Tigers,Dodgers,-333,1,1765.41,30.03,
2022-05-02,White Sox,White Sox,-123,1,1846.71,81.3,
,Blue Jays,Blue Jays,+108,0,1746.71,-100,
,Mets,Mets,-133,0,1646.71,-100,
,Astros,Astros,-125,1,1726.71,80,
,Royals,Cardinals,-159,1,1789.6,62.89,
,Dbacks,Marlins,-149,0,1689.6,-100,
2022-05-03,Mets,Mets,+105,1,1794.6,105,
,Blue Jays,Blue Jays,-128,0,1694.6,-100,
,Brewers,Brewers,-270,1,1731.64,37.04,
,Astros,Astros,-143,1,1801.57,69.93,
,Dodgers,Dodgers,-135,1,1875.64,74.07,
,Dbacks,Marlins,-182,0,1775.64,-100,
,Rangers,Phillies,-149,0,1675.64,-100,
,Reds,Brewers,-270,1,1712.68,37.04,
,Nationals,Rockies,-152,0,1612.68,-100,
2022-05-04,Mets,Mets,-128,0,1512.68,-100,
,Astros,Astros,-189,1,1565.59,52.91,
,Blue Jays,Blue Jays,+124,1,1689.59,124,
,Brewers,Brewers,-250,1,1729.59,40,
,Dodgers,Dodgers,-159,1,1792.48,62.89,
,Dbacks,Marlins,-143,0,1692.48,-100,
,Pirates,Tigers,-154,1,1757.42,64.94,
,Pirates,Tigers,-133,0,1657.42,-100,
,Rangers,Phillies,-164,0,1557.42,-100,
,Reds,Brewers,-250,1,1597.42,40,
,Nationals,Rockies,-143,1,1667.35,69.93,
2022-05-05,Brewers,Brewers,-189,1,1720.26,52.91,
,Astros,Astros,-159,1,1783.15,62.89,
,Padres,Padres,-120,1,1866.48,83.33,
,Giants,Giants,100,0,1766.48,-100,
,Reds,Brewers,-189,1,1819.39,52.91,
,Nationals,Rockies,-130,1,1896.31,76.92,
,Tigers,Astros,-159,1,1959.2,62.89,
2022-05-06,Braves,Braves,+103,0,1859.2,-100,
,Astros,Astros,-189,1,1912.11,52.91,
,Padres,Padres,-120,1,1995.44,83.33,
,Giants,Giants,-105,0,1895.44,-100,
,Tigers,Astros,-189,1,1948.35,52.91,
,Athletics,Twins,-179,1,2004.22,55.87,
,Nationals,Angels,-189,1,2057.13,52.91,
,Rockies,Dbacks,-135,1,2131.2,74.07,
2022-05-07,Astros,Astros,-179,1,2187.07,55.87,
,Braves,Braves,-105,1,2282.31,95.24,
,Padres,Padres,-123,0,2182.31,-100,
,Pirates,Reds,-145,0,2082.31,-100,
,Athletics,Twins,-185,1,2136.36,54.05,
,Tigers,Astros,-179,1,2192.23,55.87,
,Pirates,Reds,+110,1,2302.23,110,
,Pirates,Reds,+110,0,2202.23,-100,
,Rockies,Dbacks,-110,0,2102.23,-100,
,Nationals,Angels,-189,0,2002.23,-100,
2022-05-08,Braves,Braves,-114,1,2089.95,87.72,
,Yankees,Yankees,-200,1,2139.95,50,
,Astros,Astros,-164,1,2200.93,60.98,
,Padres,Padres,-159,1,2263.82,62.89,
,Yankees,Yankees,-169,0,2163.82,-100,
,Royals,Orioles,100,1,2263.82,100,
,Rangers,Yankees,-200,1,2313.82,50,
,Pirates,Reds,-125,1,2393.82,80,
,Tigers,Astros,-164,1,2454.8,60.98,
,Athletics,Twins,-179,1,2510.67,55.87,
,Nationals,Angels,-182,1,2565.62,54.95,
,Rockies,Dbacks,-139,1,2637.56,71.94,
,Rangers,Yankees,-169,0,2537.56,-100,
,Royals,Orioles,-115,1,2624.52,86.96,
2022-05-09,Yankees,Yankees,-200,1,2674.52,50,
,White Sox,White Sox,-169,0,2574.52,-100,
,Padres,Padres,-169,0,2474.52,-100,
,Royals,Orioles,-128,1,2552.65,78.13,
,Rangers,Yankees,-200,1,2602.65,50,
,Athletics,Tigers,-120,0,2502.65,-100,
,Rockies,Giants,-238,1,2544.67,42.02,
2022-05-10,Yankees,Yankees,-156,1,2608.77,64.1,
,Braves,Braves,-130,0,2508.77,-100,
,White Sox,White Sox,-185,1,2562.82,54.05,
,Padres,Padres,-143,1,2632.75,69.93,
,Tigers,Athletics,+100,0,2532.75,-100,
,Athletics,Tigers,+100,0,2432.75,-100,
,Orioles,Cardinals,-153,0,2332.75,-100,
,Royals,Rangers,-130,1,2409.67,76.92,
,Rockies,Giants,-185,1,2463.72,54.05,
2022-05-11,Yankees,Yankees,-169,1,2522.89,59.17,
,Padres,Padres,-156,0,2422.89,-100,
,Braves,Braves,-141,1,2493.81,70.92,
,Rockies,Giants,-196,1,2544.83,51.02,
,Athletics,Tigers,-143,0,2444.83,-100,
,Orioles,Cardinals,-154,1,2509.77,64.94,
,Royals,Rangers,-132,0,2409.77,-100,
2022-05-12,White Sox,White Sox,-143,0,2309.77,-100,
,Dodgers,Dodgers,-135,0,2209.77,-100,
,Athletics,Tigers,-118,0,2109.77,-100,
,Orioles,Cardinals,-179,0,2009.77,-100,
,Reds,Pirates,-132,0,1909.77,-100,
,Royals,Rangers,-132,1,1985.53,75.76,
2022-05-13,Mets,Mets,-213,0,1885.53,-100,
,Rays,Rays,+110,1,1995.53,110,
,Braves,Braves,-145,0,1895.53,-100,
,White Sox,White Sox,+155,0,1795.53,-100,
,Dodgers,Dodgers,-222,0,1695.53,-100,
,Reds,Pirates,-109,0,1595.53,-100,
,Orioles,Tigers,-141,1,1666.45,70.92,
,Royals,Rockies,-135,0,1566.45,-100,
2022-05-14,Braves,Braves,-125,1,1646.45,80,
,Rays,Rays,-123,0,1546.45,-100,
,White Sox,White Sox,+142,1,1688.45,142,
,Mets,Mets,-159,1,1751.34,62.89,
,Dodgers,Dodgers,-179,0,1651.34,-100,
,Orioles,Tigers,-118,1,1736.09,84.75,
,Cubs,Dbacks,-145,0,1636.09,-100,
,Royals,Rockies,-147,1,1704.12,68.03,
2022-05-15,Braves,Braves,-115,0,1604.12,-100,
,Mets,Mets,-130,0,1504.12,-100,
,Rays,Rays,-123,1,1585.42,81.3,
,White Sox,White Sox,+100,0,1485.42,-100,
,Dodgers,Dodgers,-179,1,1541.29,55.87,
,Orioles,Tigers,-125,1,1621.29,80,
,Royals,Rockies,-149,0,1521.29,-100,
,Cubs,Dbacks,-145,0,1421.29,-100,
2022-05-16,Rays,Rays,-196,0,1321.29,-100,
,Blue Jays,Blue Jays,-154,1,1386.23,64.94,
,Brewers,Brewers,-125,1,1466.23,80,
,Dodgers,Dodgers,-222,1,1511.28,45.05,
,Tigers,Rays,-196,0,1411.28,-100,
,Nationals,Marlins,-208,1,1459.36,48.08,
,Pirates,Cubs,-159,1,1522.25,62.89,
,Dbacks,Dodgers,-222,1,1567.3,45.05,
2022-05-17,Dodgers,Dodgers,-189,1,1620.21,52.91,
,Mets,Mets,-120,1,1703.54,83.33,
,Dodgers,Dodgers,-222,1,1748.59,45.05,
,Mets,Mets,-120,0,1648.59,-100,
,Rays,Rays,-250,1,1688.59,40,
,Blue Jays,Blue Jays,-127,1,1767.33,78.74,
,Brewers,Brewers,-115,0,1667.33,-100,
,Dbacks,Dodgers,-189,1,1720.24,52.91,
,Tigers,Rays,-250,1,1760.24,40,
,Nationals,Marlins,-159,1,1823.13,62.89,
,Dbacks,Dodgers,-222,1,1868.18,45.05,
2022-05-18,Brewers,Brewers,-137,1,1941.17,72.99,
,Rays,Rays,-189,1,1994.08,52.91,
,Dodgers,Dodgers,-278,1,2030.05,35.97,
,Blue Jays,Blue Jays,-227,0,1930.05,-100,
,Mets,Mets,-189,1,1982.96,52.91,
,Tigers,Rays,-189,1,2035.87,52.91,
,Dbacks,Dodgers,-278,1,2071.84,35.97,
,Nationals,Marlins,-179,0,1971.84,-100,
,Pirates,Cubs,-145,0,1871.84,-100,
2022-05-19,Mets,Mets,-152,1,1937.63,65.79,
,Astros,Astros,-189,1,1990.54,52.91,
,Dbacks,Cubs,+103,0,1890.54,-100,
,Rangers,Astros,-189,1,1943.45,52.91,
2022-05-20,Blue Jays,Blue Jays,-182,1,1998.4,54.95,
,Astros,Astros,-169,0,1898.4,-100,
,Brewers,Brewers,-185,1,1952.45,54.05,
,Dbacks,Cubs,-130,0,1852.45,-100,
,Tigers,Guardians,+106,1,1958.45,106,
,Rangers,Astros,-169,0,1858.45,-100,
,Nationals,Brewers,-185,1,1912.5,54.05,
,Athletics,Angels,-169,0,1812.5,-100,
2022-05-21,Yankees,Yankees,-179,1,1868.37,55.87,
,Blue Jays,Blue Jays,-222,1,1913.42,45.05,
,Astros,Astros,-233,1,1956.34,42.92,
,Brewers,Brewers,-200,1,2006.34,50,
,Dbacks,Cubs,-141,0,1906.34,-100,
,Reds,Blue Jays,-222,1,1951.39,45.05,
,Rangers,Astros,-233,1,1994.31,42.92,
,Nationals,Brewers,-200,1,2044.31,50,
,Athletics,Angels,-159,1,2107.2,62.89,
2022-05-22,Blue Jays,Blue Jays,-222,0,2007.2,-100,
,Astros,Astros,-233,1,2050.12,42.92,
,Brewers,Brewers,-200,0,1950.12,-100,
,Yankees,Yankees,-179,0,1850.12,-100,
,Yankees,Yankees,-179,0,1750.12,-100,
,Reds,Blue Jays,-222,0,1650.12,-100,
,Tigers,Guardians,-189,0,1550.12,-100,
,Rangers,Astros,-233,1,1593.04,42.92,
,Nationals,Brewers,-200,0,1493.04,-100,
,Dbacks,Cubs,-141,1,1563.96,70.92,
,Athletics,Angels,-159,1,1626.85,62.89,
2022-05-23,Yankees,Yankees,-303,0,1526.85,-100,
,Braves,Braves,+109,0,1426.85,-100,
,Astros,Astros,-200,0,1326.85,-100,
,Padres,Padres,-108,1,1419.44,92.59,
,Rockies,Pirates,-122,1,1501.41,81.97,
,Orioles,Yankees,-303,0,1401.41,-100,
,Tigers,Twins,-179,1,1457.28,55.87,
,Royals,Dbacks,-110,1,1548.19,90.91,
,Athletics,Mariners,-161,1,1610.3,62.11,
2022-05-24,Rays,Rays,-154,1,1675.24,64.94,
,Yankees,Yankees,-233,1,1718.16,42.92,
,Braves,Braves,-149,1,1785.27,67.11,
,Astros,Astros,-200,1,1835.27,50,
,Padres,Padres,+120,0,1735.27,-100,
,Rockies,Pirates,-122,0,1635.27,-100,
,Orioles,Yankees,-233,1,1678.19,42.92,
,Tigers,Twins,-238,1,1720.21,42.02,
,Rangers,Angels,-159,1,1783.1,62.89,
,Royals,Dbacks,-179,1,1838.97,55.87,
,Athletics,Mariners,-154,0,1738.97,-100,
2022-05-25,Padres,Padres,-120,0,1638.97,-100,
,Rays,Rays,-164,1,1699.95,60.98,
,Yankees,Yankees,-200,1,1749.95,50,
,Braves,Braves,-141,1,1820.87,70.92,
,Astros,Astros,-179,1,1876.74,55.87,
,Rockies,Pirates,-118,1,1961.49,84.75,
,Tigers,Twins,-189,0,1861.49,-100,
,Athletics,Mariners,-154,0,1761.49,-100,
,Orioles,Yankees,-200,1,1811.49,50,
,Rangers,Angels,-156,0,1711.49,-100,
2022-05-26,Rays,Rays,+110,0,1611.49,-100,
,Braves,Braves,-110,0,1511.49,-100,
,Rockies,Nationals,-109,1,1603.23,91.74,
,Royals,Twins,-172,0,1503.23,-100,
,Rangers,Athletics,-111,0,1403.23,-100,
2022-05-27,Red Sox,Red Sox,-169,0,1303.23,-100,
,Rays,Rays,-120,0,1203.23,-100,
,Mets,Mets,-159,1,1266.12,62.89,
,Braves,Braves,-135,1,1340.19,74.07,
,Angels,Angels,+110,0,1240.19,-100,
,Padres,Padres,-208,1,1288.27,48.08,
,Orioles,Red Sox,-169,0,1188.27,-100,
,Royals,Twins,-164,1,1249.25,60.98,
,Pirates,Padres,-208,1,1297.33,48.08,
,Rangers,Athletics,+112,0,1197.33,-100,
2022-05-28,Red Sox,Red Sox,-149,1,1264.44,67.11,
,Braves,Braves,-120,0,1164.44,-100,
,Rays,Rays,+133,1,1297.44,133,
,Red Sox,Red Sox,-204,0,1197.44,-100,
,Mets,Mets,-106,1,1291.78,94.34,
,Angels,Angels,-110,0,1191.78,-100,
,Padres,Padres,-222,0,1091.78,-100,
,Rockies,Nationals,-120,0,991.78,-100,
,Orioles,Red Sox,-204,1,1040.8,49.02,
,Royals,Twins,-156,0,940.8,-100,
,Rangers,Athletics,-114,0,840.8,-100,
,Rockies,Nationals,-114,0,740.8,-100,
,Orioles,Red Sox,-149,0,640.8,-100,
,Pirates,Padres,-222,0,540.8,-100,
2022-05-29,Red Sox,Red Sox,-179,1,596.67,55.87,
,Braves,Braves,-222,1,641.72,45.05,
,Rays,Rays,-135,1,715.79,74.07,
,Angels,Angels,-143,0,615.79,-100,
,Padres,Padres,-179,1,671.66,55.87,
,Mets,Mets,-108,1,764.25,92.59,
,Orioles,Red Sox,-179,1,820.12,55.87,
,Rockies,Nationals,-115,1,907.08,86.96,
,Royals,Twins,-185,1,961.13,54.05,
,Rangers,Athletics,+107,1,1068.13,107,
,Pirates,Padres,-179,1,1124,55.87,
2022-05-30,Red Sox,Red Sox,-141,0,1024,-100,
,Mets,Mets,-179,1,1079.87,55.87,
,Dodgers,Dodgers,-303,0,979.87,-100,
,Royals,Guardians,-159,1,1042.76,62.89,
,Orioles,Red Sox,-141,0,942.76,-100,
,Nationals,Mets,-179,1,998.63,55.87,
,Pirates,Dodgers,-303,0,898.63,-100,
2022-05-31,Yankees,Yankees,-130,1,975.55,76.92,
,Blue Jays,Blue Jays,-164,1,1036.53,60.98,
,Red Sox,Red Sox,-135,0,936.53,-100,
,Mets,Mets,-185,1,990.58,54.05,
,Dodgers,Dodgers,-345,0,890.58,-100,
,Royals,Guardians,-120,1,973.91,83.33,
,Reds,Red Sox,-135,0,873.91,-100,
,Nationals,Mets,-185,1,927.96,54.05,
,Pirates,Dodgers,-345,0,827.96,-100,
2022-06-01,Mets,Mets,-233,1,870.88,42.92,
,Blue Jays,Blue Jays,-125,1,950.88,80,
,Red Sox,Red Sox,-196,1,1001.9,51.02,
,Dodgers,Dodgers,-233,0,901.9,-100,
,Royals,Guardians,-139,1,973.84,71.94,
,Nationals,Mets,-233,1,1016.76,42.92,
,Reds,Red Sox,-196,1,1067.78,51.02,
,Pirates,Dodgers,-233,0,967.78,-100,
2022-06-02,Yankees,Yankees,-164,1,1028.76,60.98,
,Blue Jays,Blue Jays,-179,1,1084.63,55.87,
,Yankees,Yankees,-108,1,1177.22,92.59,
,Brewers,Brewers,-112,1,1266.51,89.29,
,Dodgers,Dodgers,-169,1,1325.68,59.17,
,Nationals,Reds,-125,1,1405.68,80,
2022-06-03,Yankees,Yankees,-323,1,1436.64,30.96,
,Blue Jays,Blue Jays,-213,0,1336.64,-100,
,Rays,Rays,-182,1,1391.59,54.95,
,Brewers,Brewers,-141,0,1291.59,-100,
,Dodgers,Dodgers,-154,1,1356.53,64.94,
,Nationals,Reds,-115,0,1256.53,-100,
,Dbacks,Pirates,-110,0,1156.53,-100,
,Tigers,Yankees,-323,1,1187.49,30.96,
2022-06-04,Yankees,Yankees,-278,1,1223.46,35.97,
,Blue Jays,Blue Jays,-159,1,1286.35,62.89,
,Rays,Rays,-115,0,1186.35,-100,
,Brewers,Brewers,-120,0,1086.35,-100,
,Dodgers,Dodgers,-179,0,986.35,-100,
,Tigers,Yankees,-278,1,1022.32,35.97,
,Dbacks,Pirates,-122,1,1104.29,81.97,
,Nationals,Reds,-130,0,1004.29,-100,
2022-06-05,Yankees,Yankees,-278,1,1040.26,35.97,
,Blue Jays,Blue Jays,-159,0,940.26,-100,
,Rays,Rays,-115,0,840.26,-100,
,Brewers,Brewers,-120,0,740.26,-100,
,Dodgers,Dodgers,-179,0,640.26,-100,
,Tigers,Yankees,-278,1,676.23,35.97,
,Dbacks,Pirates,-122,1,758.2,81.97,
,Nationals,Reds,-130,0,658.2,-100,
2022-06-06,Astros,Astros,-156,0,558.2,-100,
,Padres,Padres,-105,0,458.2,-100,
,Dbacks,Reds,-114,1,545.92,87.72,
2022-06-07,Rays,Rays,-141,1,616.84,70.92,
,Braves,Braves,-227,1,660.89,44.05,
,Brewers,Brewers,-105,0,560.89,-100,
,Astros,Astros,-238,1,602.91,42.02,
,Padres,Padres,-120,1,686.24,83.33,
,Dbacks,Reds,-135,1,760.31,74.07,
,Nationals,Marlins,-172,1,818.45,58.14,
,Cubs,Orioles,+101,1,919.45,101,
,Tigers,Pirates,+112,0,819.45,-100,
,Athletics,Braves,-227,1,863.5,44.05,
,Rockies,Giants,-200,0,763.5,-100,
2022-06-08,Astros,Astros,-133,0,663.5,-100,
,Rays,Rays,-135,1,737.57,74.07,
,Braves,Braves,-233,1,780.49,42.92,
,Brewers,Brewers,+120,0,680.49,-100,
,Padres,Padres,-130,1,757.41,76.92,
,Tigers,Pirates,-116,0,657.41,-100,
,Dbacks,Reds,-116,0,557.41,-100,
,Nationals,Marlins,-200,1,607.41,50,
,Athletics,Braves,-233,1,650.33,42.92,
,Rockies,Giants,-213,1,697.28,46.95,
2022-06-09,Rays,Rays,-172,1,755.42,58.14,
,Brewers,Brewers,-161,0,655.42,-100,
,Braves,Braves,-263,1,693.44,38.02,
,Dbacks,Reds,-130,0,593.44,-100,
,Rockies,Giants,-250,0,493.44,-100,
,Nationals,Marlins,-130,1,570.36,76.92,
,Athletics,Guardians,-161,1,632.47,62.11,
,Pirates,Braves,-263,1,670.49,38.02,
,Orioles,Royals,-105,1,765.73,95.24,
2022-06-10,Phillies,Phillies,-133,1,840.92,75.19,
,Yankees,Yankees,-238,1,882.94,42.02,
,Braves,Braves,-208,1,931.02,48.08,
,Astros,Astros,-147,0,831.02,-100,
,Padres,Padres,-238,1,873.04,42.02,
,Dbacks,Phillies,-133,1,948.23,75.19,
,Cubs,Yankees,-238,1,990.25,42.02,
,Athletics,Guardians,-159,1,1053.14,62.89,
,Pirates,Braves,-208,1,1101.22,48.08,
,Orioles,Royals,-109,1,1192.96,91.74,
,Reds,Cardinals,-133,1,1268.15,75.19,
,Rockies,Padres,-238,1,1310.17,42.02,
2022-06-11,Phillies,Phillies,-133,1,1385.36,75.19,
,Astros,Astros,-147,0,1285.36,-100,
,Braves,Braves,-208,1,1333.44,48.08,
,Padres,Padres,-208,1,1381.52,48.08,
,Yankees,Yankees,-227,1,1425.57,44.05,
,Padres,Padres,-208,0,1325.57,-100,
,Dbacks,Phillies,-133,1,1400.76,75.19,
,Orioles,Royals,-110,0,1300.76,-100,
,Athletics,Guardians,-159,0,1200.76,-100,
,Pirates,Braves,-208,1,1248.84,48.08,
,Rockies,Padres,-208,1,1296.92,48.08,
,Cubs,Yankees,-227,1,1340.97,44.05,
,Rockies,Padres,-208,0,1240.97,-100,
2022-06-12,Phillies,Phillies,-196,0,1140.97,-100,
,Yankees,Yankees,-233,1,1183.89,42.92,
,Braves,Braves,-233,1,1226.81,42.92,
,Astros,Astros,-213,1,1273.76,46.95,
,Padres,Padres,-182,0,1173.76,-100,
,Athletics,Guardians,-159,1,1236.65,62.89,
,Dbacks,Phillies,-196,0,1136.65,-100,
,Cubs,Yankees,-233,1,1179.57,42.92,
,Pirates,Braves,-233,1,1222.49,42.92,
,Orioles,Royals,-120,0,1122.49,-100,
,Reds,Cardinals,-175,0,1022.49,-100,
,Rockies,Padres,-182,0,922.49,-100,
2022-06-13,Phillies,Phillies,-130,1,999.41,76.92,
,Blue Jays,Blue Jays,-278,1,1035.38,35.97,
,Orioles,Blue Jays,-278,1,1071.35,35.97,
,Pirates,Cardinals,-179,1,1127.22,55.87,
,Reds,Dbacks,-149,0,1027.22,-100,
,Royals,Giants,-164,1,1088.2,60.98,
2022-06-14,Phillies,Phillies,-145,0,988.2,-100,
,Yankees,Yankees,-208,1,1036.28,48.08,
,Blue Jays,Blue Jays,-204,0,936.28,-100,
,Mets,Mets,-145,1,1005.25,68.97,
,Red Sox,Red Sox,-200,1,1055.25,50,
,Dodgers,Dodgers,-200,1,1105.25,50,
,Pirates,Cardinals,-154,1,1170.19,64.94,
,Orioles,Blue Jays,-204,0,1070.19,-100,
,Athletics,Red Sox,-213,1,1117.14,46.95,
,Pirates,Cardinals,-200,1,1167.14,50,
,Reds,Dbacks,-114,0,1067.14,-100,
,Royals,Giants,-238,1,1109.16,42.02,
2022-06-15,Phillies,Phillies,-135,1,1183.23,74.07,
,Mets,Mets,+106,0,1083.23,-100,
,Yankees,Yankees,-130,1,1160.15,76.92,
,Blue Jays,Blue Jays,-286,1,1195.12,34.97,
,Red Sox,Red Sox,-196,1,1246.14,51.02,
,Dodgers,Dodgers,-189,1,1299.05,52.91,
,Reds,Dbacks,-125,1,1379.05,80,
,Royals,Giants,-248,0,1279.05,-100,
,Orioles,Blue Jays,-286,1,1314.02,34.97,
,Athletics,Red Sox,-196,1,1365.04,51.02,
,Pirates,Cardinals,-164,0,1265.04,-100,
2022-06-16,Red Sox,Red Sox,-169,0,1165.04,-100,
,Blue Jays,Blue Jays,-238,0,1065.04,-100,
,Mets,Mets,-128,1,1143.17,78.13,
,Yankees,Yankees,-169,1,1202.34,59.17,
,Athletics,Red Sox,-169,0,1102.34,-100,
,Orioles,Blue Jays,-238,0,1002.34,-100,
2022-06-17,Blue Jays,Blue Jays,+103,0,902.34,-100,
,Mets,Mets,-189,1,955.25,52.91,
,Red Sox,Red Sox,-108,1,1047.84,92.59,
,Astros,Astros,-154,1,1112.78,64.94,
,Dodgers,Dodgers,-256,0,1012.78,-100,
,Royals,Athletics,-141,0,912.78,-100,
2022-06-18,Blue Jays,Blue Jays,-135,0,812.78,-100,
,Astros,Astros,-213,0,712.78,-100,
,Mets,Mets,-185,1,766.83,54.05,
,Dodgers,Dodgers,-208,1,814.91,48.08,
,Red Sox,Red Sox,-112,0,714.91,-100,
,Royals,Athletics,-110,0,614.91,-100,
2022-06-19,Red Sox,Red Sox,-141,1,685.83,70.92,
,Blue Jays,Blue Jays,+150,1,835.83,150,
,Mets,Mets,-130,0,735.83,-100,
,Dodgers,Dodgers,-164,0,635.83,-100,
,Astros,Astros,-167,1,695.71,59.88,
,Royals,Athletics,+130,1,825.71,130,
2022-06-20,Mets,Mets,-167,1,885.59,59.88,
,Red Sox,Red Sox,-179,1,941.46,55.87,
,Rays,Rays,+118,0,841.46,-100,
,Braves,Braves,-149,1,908.57,67.11,
,Brewers,Brewers,-152,1,974.36,65.79,
,Padres,Padres,-179,1,1030.23,55.87,
,Cubs,Pirates,-108,1,1122.82,92.59,
,Tigers,Red Sox,-179,1,1178.69,55.87,
,Royals,Angels,-185,0,1078.69,-100,
,Dbacks,Padres,-179,1,1134.56,55.87,
2022-06-21,Red Sox,Red Sox,-189,1,1187.47,52.91,
,Rays,Rays,+118,1,1305.47,118,
,Braves,Braves,-154,0,1205.47,-100,
,Astros,Astros,-125,1,1285.47,80,
,Brewers,Brewers,+136,0,1185.47,-100,
,Padres,Padres,-125,1,1265.47,80,
,Rockies,Marlins,-127,1,1344.21,78.74,
,Cubs,Pirates,-147,1,1412.24,68.03,
,Nationals,Orioles,+110,0,1312.24,-100,
,Tigers,Red Sox,-189,1,1365.15,52.91,
,Royals,Angels,-167,0,1265.15,-100,
,Dbacks,Padres,-125,1,1345.15,80,
2022-06-22,Astros,Astros,-133,1,1420.34,75.19,
,Padres,Padres,-159,1,1483.23,62.89,
,Red Sox,Red Sox,-154,1,1548.17,64.94,
,Rays,Rays,+130,0,1448.17,-100,
,Braves,Braves,-114,1,1535.89,87.72,
,Brewers,Brewers,100,0,1435.89,-100,
,Dbacks,Padres,-159,1,1498.78,62.89,
,Rockies,Marlins,-185,1,1552.83,54.05,
,Cubs,Pirates,-108,0,1452.83,-100,
,Nationals,Orioles,-141,1,1523.75,70.92,
,Tigers,Red Sox,-154,1,1588.69,64.94,
,Royals,Angels,-200,1,1638.69,50,
2022-06-23,Braves,Braves,-141,1,1709.61,70.92,
,Brewers,Brewers,-115,1,1796.57,86.96,
,Yankees,Yankees,-122,1,1878.54,81.97,
,Padres,Padres,-147,0,1778.54,-100,
,Rockies,Marlins,-145,1,1847.51,68.97,
,Cubs,Pirates,-101,1,1946.52,99.01,
,Orioles,White Sox,-149,0,1846.52,-100,
2022-06-24,Yankees,Yankees,-120,0,1746.52,-100,
,Rays,Rays,-200,1,1796.52,50,
,Braves,Braves,+111,0,1696.52,-100,
,Brewers,Brewers,+129,0,1596.52,-100,
,Padres,Padres,+120,1,1716.52,120,
,Pirates,Rays,-200,1,1766.52,50,
,Nationals,Rangers,-149,0,1666.52,-100,
,Orioles,White Sox,-169,0,1566.52,-100,
,Rockies,Twins,-141,0,1466.52,-100,
,Athletics,Royals,-135,1,1540.59,74.07,
,Cubs,Cardinals,-164,0,1440.59,-100,
,Tigers,Dbacks,-159,0,1340.59,-100,
,Reds,Giants,-208,0,1240.59,-100,
2022-06-25,Yankees,Yankees,-185,0,1140.59,-100,
,Rays,Rays,-167,1,1200.47,59.88,
,Brewers,Brewers,-179,1,1256.34,55.87,
,Braves,Braves,-145,1,1325.31,68.97,
,Padres,Padres,-127,0,1225.31,-100,
,Pirates,Rays,-167,1,1285.19,59.88,
,Orioles,White Sox,-196,0,1185.19,-100,
,Cubs,Cardinals,-213,1,1232.14,46.95,
,Nationals,Rangers,-139,1,1304.08,71.94,
,Athletics,Royals,-169,0,1204.08,-100,
,Reds,Giants,-250,1,1244.08,40,
,Rockies,Twins,-164,1,1305.06,60.98,
,Tigers,Dbacks,-149,0,1205.06,-100,
2022-06-26,Yankees,Yankees,-175,1,1262.2,57.14,
,Rays,Rays,-238,1,1304.22,42.02,
,Brewers,Brewers,+142,1,1446.22,142,
,Padres,Padres,-159,0,1346.22,-100,
,Braves,Braves,+106,0,1246.22,-100,
,Pirates,Rays,-238,1,1288.24,42.02,
,Orioles,White Sox,-222,1,1333.29,45.05,
,Rockies,Twins,-222,1,1378.34,45.05,
,Athletics,Royals,-164,0,1278.34,-100,
,Cubs,Cardinals,-164,0,1178.34,-100,
,Nationals,Rangers,-154,0,1078.34,-100,
,Reds,Giants,-149,0,978.34,-100,
,Tigers,Dbacks,-115,1,1065.3,86.96,
2022-06-27,Yankees,Yankees,-294,1,1099.31,34.01,
,Blue Jays,Blue Jays,-169,1,1158.48,59.17,
,Athletics,Yankees,-294,1,1192.49,34.01,
,Pirates,Nationals,-116,1,1278.7,86.21,
,Orioles,Mariners,-149,0,1178.7,-100,
2022-06-28,Rays,Rays,-116,0,1078.7,-100,
,Yankees,Yankees,-189,1,1131.61,52.91,
,Mets,Mets,+110,0,1031.61,-100,
,Phillies,Phillies,-112,0,931.61,-100,
,Blue Jays,Blue Jays,-135,1,1005.68,74.07,
,Athletics,Yankees,-189,1,1058.59,52.91,
,Pirates,Nationals,-116,1,1144.8,86.21,
,Tigers,Giants,-189,1,1197.71,52.91,
,Orioles,Mariners,-167,1,1257.59,59.88,
,Reds,Cubs,-110,0,1157.59,-100,
2022-06-29,Rays,Rays,-125,0,1057.59,-100,
,Yankees,Yankees,-312,1,1089.64,32.05,
,Mets,Mets,+130,0,989.64,-100,
,Phillies,Phillies,+121,0,889.64,-100,
,Blue Jays,Blue Jays,-156,0,789.64,-100,
,Athletics,Yankees,-312,1,821.69,32.05,
,Pirates,Nationals,-143,0,721.69,-100,
,Tigers,Giants,-200,0,621.69,-100,
,Orioles,Mariners,-133,1,696.88,75.19,
,Reds,Cubs,-133,1,772.07,75.19,
2022-06-30,Phillies,Phillies,-149,1,839.18,67.11,
,Astros,Astros,+106,1,945.18,106,
,Blue Jays,Blue Jays,-122,1,1027.15,81.97,
,Dodgers,Dodgers,-120,1,1110.48,83.33,
,Reds,Cubs,-116,1,1196.69,86.21,
,Athletics,Mariners,-213,1,1243.64,46.95,
2022-07-01,Blue Jays,Blue Jays,-128,1,1321.77,78.13,New model: HFA_v7-1
,Phillies,Phillies,+130,1,1451.77,130,
,Mets,Mets,-185,1,1505.82,54.05,
,Astros,Astros,-149,1,1572.93,67.11,
,Dodgers,Dodgers,-164,1,1633.91,60.98,
,Mets,Mets,-185,1,1687.96,54.05,
,Twins,Twins,-200,1,1737.96,50,
,Mariners,Mariners,-189,0,1637.96,-100,
,Red Sox,Red Sox,-123,0,1537.96,-100,
,Braves,Braves,-250,1,1577.96,40,
,Brewers,Brewers,-189,1,1630.87,52.91,
,Royals,Tigers,-115,0,1530.87,-100,
,Dbacks,Rockies,-116,0,1430.87,-100,
,Orioles,Twins,-200,1,1480.87,50,
,Athletics,Mariners,-189,0,1380.87,-100,
2022-07-02,Blue Jays,Blue Jays,-135,0,1280.87,-100,
,Twins,Twins,-213,1,1327.82,46.95,
,Phillies,Phillies,-122,0,1227.82,-100,
,Astros,Astros,-133,1,1303.01,75.19,
,Mets,Mets,-128,0,1203.01,-100,
,Blue Jays,Blue Jays,-135,0,1103.01,-100,
,Dodgers,Dodgers,-141,1,1173.93,70.92,
,Twins,Twins,-213,1,1220.88,46.95,
,Astros,Astros,-133,1,1296.07,75.19,
,Mariners,Mariners,-175,1,1353.21,57.14,
,Mets,Mets,-128,0,1253.21,-100,
,Yankees,Yankees,-312,1,1285.26,32.05,
,Brewers,Brewers,-208,0,1185.26,-100,
,Braves,Braves,-169,1,1244.43,59.17,
,Yankees,Yankees,-149,1,1311.54,67.11,
,Red Sox,Red Sox,-141,0,1211.54,-100,
,Orioles,Twins,-213,1,1258.49,46.95,
,Royals,Tigers,+105,1,1363.49,105,
,Athletics,Mariners,-175,1,1420.63,57.14,
,Dbacks,Rockies,-141,1,1491.55,70.92,
2022-07-03,Astros,Astros,-213,1,1538.5,46.95,
,Astros,Astros,-213,1,1585.45,46.95,
,Blue Jays,Blue Jays,-128,0,1485.45,-100,
,Braves,Braves,-149,0,1385.45,-100,
,Brewers,Brewers,-164,1,1446.43,60.98,
,Dodgers,Dodgers,-175,0,1346.43,-100,
,Dodgers,Dodgers,-175,0,1246.43,-100,
,Mariners,Mariners,-143,1,1316.36,69.93,
,Mets,Mets,-139,1,1388.3,71.94,
,Mets,Mets,-139,1,1460.24,71.94,
,Phillies,Phillies,-132,1,1536,75.76,
,Twins,Twins,-159,0,1436,-100,
,Yankees,Yankees,-154,0,1336,-100,
,Athletics,Mariners,-143,1,1405.93,69.93,
,Dbacks,Rockies,+103,1,1508.93,103,
,Orioles,Twins,-159,0,1408.93,-100,
,Royals,Tigers,-125,0,1308.93,-100,
2022-07-04,Astros,Astros,-238,1,1350.95,42.02,
,Astros,Astros,-238,1,1392.97,42.02,
,Blue Jays,Blue Jays,-227,0,1292.97,-100,
,Braves,Braves,-164,1,1353.95,60.98,
,Brewers,Brewers,-141,1,1424.87,70.92,
,Brewers,Brewers,-141,1,1495.79,70.92,
,Dodgers,Dodgers,-278,1,1531.76,35.97,
,Dodgers,Dodgers,-278,1,1567.73,35.97,
,Mets,Mets,-164,1,1628.71,60.98,
,Padres,Padres,-175,0,1528.71,-100,
,Red Sox,Red Sox,-135,1,1602.78,74.07,
,Cubs,Brewers,-141,1,1673.7,70.92,
,Rockies,Dodgers,-278,1,1709.67,35.97,
,Royals,Astros,-238,1,1751.69,42.02,
2022-07-05,Astros,Astros,-189,1,1804.6,52.91,
,Astros,Astros,-189,1,1857.51,52.91,
,Blue Jays,Blue Jays,-175,0,1757.51,-100,
,Braves,Braves,-141,1,1828.43,70.92,
,Brewers,Brewers,-133,0,1728.43,-100,
,Brewers,Brewers,-133,0,1628.43,-100,
,Dodgers,Dodgers,-222,1,1673.48,45.05,
,Dodgers,Dodgers,-222,1,1718.53,45.05,
,Mets,Mets,-196,0,1618.53,-100,
,Padres,Padres,-122,0,1518.53,-100,
,Phillies,Phillies,-154,1,1583.47,64.94,
,Phillies,Phillies,-154,1,1648.41,64.94,
,Red Sox,Red Sox,-123,0,1548.41,-100,
,Yankees,Yankees,-208,0,1448.41,-100,
,Cubs,Brewers,-133,0,1348.41,-100,
,Nationals,Phillies,-154,1,1413.35,64.94,
,Rockies,Dodgers,-222,1,1458.4,45.05,
,Royals,Astros,-189,1,1511.31,52.91,
2022-07-06,Astros,Astros,-278,0,1411.31,-100,
,Astros,Astros,-278,0,1311.31,-100,
,Blue Jays,Blue Jays,-200,1,1361.31,50,
,Braves,Braves,-164,1,1422.29,60.98,
,Dodgers,Dodgers,-312,1,1454.34,32.05,
,Dodgers,Dodgers,-312,1,1486.39,32.05,
,Mets,Mets,-164,1,1547.37,60.98,
,Phillies,Phillies,-200,0,1447.37,-100,
,Phillies,Phillies,-200,0,1347.37,-100,
,Red Sox,Red Sox,-118,0,1247.37,-100,
,Yankees,Yankees,-200,1,1297.37,50,
,Nationals,Phillies,-200,0,1197.37,-100,
,Rockies,Dodgers,-312,1,1229.42,32.05,
,Royals,Astros,-278,0,1129.42,-100,
2022-07-07,Astros,Astros,-323,1,1160.38,30.96,
,Astros,Astros,-323,1,1191.34,30.96,
,Braves,Braves,-204,0,1091.34,-100,
,Dodgers,Dodgers,-270,1,1128.38,37.04,
,Dodgers,Dodgers,-312,1,1160.43,32.05,
,Mets,Mets,-156,1,1224.53,64.1,
,Padres,Padres,-130,1,1301.45,76.92,
,Phillies,Phillies,-175,1,1358.59,57.14,
,Phillies,Phillies,-175,1,1415.73,57.14,
,Red Sox,Red Sox,+147,1,1562.73,147,
,White Sox,White Sox,-233,0,1462.73,-100,
,Cubs,Dodgers,-270,1,1499.77,37.04,
,Nationals,Phillies,-175,1,1556.91,57.14,
,Pirates,Reds,-108,0,1456.91,-100,
,Pirates,Reds,-108,1,1549.5,92.59,
,Rockies,Dbacks,+122,0,1449.5,-100,
,Royals,Astros,-323,1,1480.46,30.96,
,Tigers,White Sox,-233,0,1380.46,-100,
2022-07-08,Astros,Astros,-175,1,1437.6,57.14,
,Braves,Braves,-278,1,1473.57,35.97,
,Braves,Braves,-278,1,1509.54,35.97,
,Brewers,Brewers,-208,1,1557.62,48.08,
,Brewers,Brewers,-208,1,1605.7,48.08,
,Dodgers,Dodgers,-213,1,1652.65,46.95,
,Dodgers,Dodgers,-213,1,1699.6,46.95,
,Mets,Mets,-152,0,1599.6,-100,
,Padres,Padres,-145,1,1668.57,68.97,
,Red Sox,Red Sox,+137,0,1568.57,-100,
,White Sox,White Sox,-164,0,1468.57,-100,
,Cubs,Dodgers,-213,1,1515.52,46.95,
,Nationals,Braves,-278,1,1551.49,35.97,
,Pirates,Brewers,-208,1,1599.57,48.08,
,Rockies,Dbacks,-159,0,1499.57,-100,
,Tigers,White Sox,-164,0,1399.57,-100,
2022-07-09,Astros,Astros,-120,1,1482.9,83.33,
,Braves,Braves,-238,1,1524.92,42.02,
,Braves,Braves,-238,1,1566.94,42.02,
,Brewers,Brewers,-250,1,1606.94,40,
,Brewers,Brewers,-250,1,1646.94,40,
,Dodgers,Dodgers,-196,1,1697.96,51.02,
,Dodgers,Dodgers,-196,1,1748.98,51.02,
,Mets,Mets,-175,0,1648.98,-100,
,Padres,Padres,-102,1,1747.02,98.04,
,Red Sox,Red Sox,+143,0,1647.02,-100,
,White Sox,White Sox,-169,0,1547.02,-100,
,Cubs,Dodgers,-196,1,1598.04,51.02,
,Nationals,Braves,-238,1,1640.06,42.02,
,Pirates,Brewers,-250,1,1680.06,40,
,Rockies,Dbacks,-110,0,1580.06,-100,
,Tigers,White Sox,-169,0,1480.06,-100,
2022-07-10,Astros,Astros,-179,1,1535.93,55.87,
,Braves,Braves,-200,1,1585.93,50,
,Braves,Braves,-200,1,1635.93,50,
,Brewers,Brewers,-169,0,1535.93,-100,
,Brewers,Brewers,-169,0,1435.93,-100,
,Dodgers,Dodgers,-200,1,1485.93,50,
,Dodgers,Dodgers,-200,1,1535.93,50,
,Mets,Mets,-120,0,1435.93,-100,
,Padres,Padres,-120,0,1335.93,-100,
,Red Sox,Red Sox,+115,1,1450.93,115,
,White Sox,White Sox,-182,1,1505.88,54.95,
,Cubs,Dodgers,-200,1,1555.88,50,
,Nationals,Braves,-200,1,1605.88,50,
,Pirates,Brewers,-169,0,1505.88,-100,
,Rockies,Dbacks,+102,0,1405.88,-100,
,Tigers,White Sox,-182,1,1460.83,54.95,
2022-07-11,Braves,Braves,-112,0,1360.83,-100,
,Giants,Giants,-154,0,1260.83,-100,
,Marlins,Marlins,-154,0,1160.83,-100,
,Padres,Padres,-139,1,1232.77,71.94,
,Rangers,Rangers,-164,1,1293.75,60.98,
,Rays,Rays,+103,1,1396.75,103,
,Athletics,Rangers,-164,1,1457.73,60.98,
,Dbacks,Giants,-154,0,1357.73,-100,
,Pirates,Marlins,-154,0,1257.73,-100,
,Tigers,Royals,-137,1,1330.72,72.99,
,Tigers,Royals,-130,1,1407.64,76.92,
2022-07-12,Blue Jays,Blue Jays,-185,,,,
,Braves,Braves,-159,,,,
,Dodgers,Dodgers,-139,,,,
,Marlins,Marlins,-149,,,,
,Padres,Padres,-130,,,,
,Rangers,Rangers,-164,,,,
,Rays,Rays,+105,,,,
,Yankees,Yankees,-303,,,,
,Yankees,Yankees,-303,,,,
,Athletics,Rangers,-164,,,,
,Dbacks,Giants,-208,,,,
,Orioles,Cubs,-115,,,,
,Pirates,Marlins,-149,,,,
,Reds,Yankees,-303,,,,
,Tigers,Royals,-125,,,,